<?xml version="1.0"?>
<!--<!DOCTYPE metadata SYSTEM "http://www.esri.com/metadata/esriprof80.dtd">-->
<metadata xml:lang="en"><Esri><MetaID>{63A3A6B3-2FEC-4432-B40D-168A1CED1D5D}</MetaID><CreaDate>20120308</CreaDate><CreaTime>15431200</CreaTime><SyncOnce>TRUE</SyncOnce><DataProperties><lineage><Process ToolSource="C:\ArcGIS\ArcToolbox\Toolboxes\Data Management Tools.tbx\DefineProjection" Date="20120308" Time="154312">DefineProjection depth_1m PROJCS['Lambert_Az_NorthAmerica_WGS84',GEOGCS['GCS_WGS_1984',DATUM['D_WGS_1984',SPHEROID['WGS_1984',6378137.0,298.257223563]],PRIMEM['Greenwich',0.0],UNIT['Degree',0.0174532925199433]],PROJECTION['Azimuthal_Equidistant'],PARAMETER['False_Easting',0.0],PARAMETER['False_Northing',0.0],PARAMETER['Central_Meridian',-100.0],PARAMETER['Latitude_Of_Origin',45.0],UNIT['Meter',1.0]] depth_1m</Process></lineage></DataProperties></Esri></metadata>
