<PAMDataset>
  <SRS>PROJCS[&quot;Lambert_Az_NorthAmerica_WGS84&quot;,GEOGCS[&quot;GCS_WGS_1984&quot;,DATUM[&quot;WGS_1984&quot;,SPHEROID[&quot;WGS_1984&quot;,6378137.0,298.257223563]],PRIMEM[&quot;Greenwich&quot;,0.0],UNIT[&quot;Degree&quot;,0.0174532925199433]],PROJECTION[&quot;Azimuthal_Equidistant&quot;],PARAMETER[&quot;False_Easting&quot;,0.0],PARAMETER[&quot;False_Northing&quot;,0.0],PARAMETER[&quot;longitude_of_center&quot;,-100.0],PARAMETER[&quot;latitude_of_center&quot;,45.0],UNIT[&quot;Meter&quot;,1.0]]</SRS>
  <GeoTransform> 1.9778547400258682e+006, 1.0000000000000000e+000, 0.0000000000000000e+000,-5.5832219916355936e+005, 0.0000000000000000e+000,-1.0000000000000000e+000</GeoTransform>
  <PAMRasterBand band="1">
    <Description>hardint_1m</Description>
    <NoDataValue>0.00000000000000E+000</NoDataValue>
    <GDALRasterAttributeTable />
    <Metadata>
      <MDI key="LAYER_TYPE">athematic</MDI>
    </Metadata>
  </PAMRasterBand>
</PAMDataset>
