<?xml version="1.0"?>
<!--<!DOCTYPE metadata SYSTEM "http://www.esri.com/metadata/esriprof80.dtd">-->
<metadata xml:lang="en"><Esri><CreaDate>20120827</CreaDate><CreaTime>14202300</CreaTime><SyncOnce>TRUE</SyncOnce><MetaID>{2E8DBDB6-6F2E-4F7B-B3B5-960232C504B7}</MetaID></Esri><idinfo><citation><citeinfo><onlink Sync="TRUE">\\IGSAAREWLTW7GCA\E$\FinalDataX2\class</onlink></citeinfo></citation></idinfo><distInfo><distributor><distorTran><onLineSrc><linkage Sync="TRUE">file://\\IGSAAREWLTW7GCA\E$\FinalDataX2\class</linkage><protocol Sync="TRUE">Local Area Network</protocol></onLineSrc></distorTran></distributor></distInfo><dataqual><lineage><procstep><procdesc Sync="TRUE">Dataset copied.</procdesc><srcused Sync="TRUE">C:\Users\gaustin\Desktop\drdepth\arcmap\hardness\class</srcused><procdate Sync="TRUE">20120827</procdate><proctime Sync="TRUE">14202300</proctime></procstep></lineage></dataqual></metadata>
