<?xml version="1.0"?>
<!--<!DOCTYPE metadata SYSTEM "http://www.esri.com/metadata/esriprof80.dtd">-->
<metadata xml:lang="en"><Esri><CreaDate>20120827</CreaDate><CreaTime>14150500</CreaTime><SyncOnce>TRUE</SyncOnce><MetaID>{F66252BD-6279-4C56-99FB-EED25CD8DDA1}</MetaID></Esri><idinfo><citation><citeinfo><onlink Sync="TRUE">\\IGSAAREWLTW7GCA\E$\FinalDataX2\depth_1m</onlink></citeinfo></citation></idinfo><distInfo><distributor><distorTran><onLineSrc><linkage Sync="TRUE">file://\\IGSAAREWLTW7GCA\E$\FinalDataX2\depth_1m</linkage><protocol Sync="TRUE">Local Area Network</protocol></onLineSrc></distorTran></distributor></distInfo><dataqual><lineage><procstep><procdesc Sync="TRUE">Dataset moved.</procdesc><srcused Sync="TRUE">C:\Users\gaustin\Desktop\drdepth\arcmap\sidescan\scansinteger\depth_1m</srcused><procdate Sync="TRUE">20120308</procdate><proctime Sync="TRUE">15414200</proctime></procstep><procstep><procdesc Sync="TRUE">Dataset copied.</procdesc><srcused Sync="TRUE">C:\Users\gaustin\Desktop\drdepth\arcmap\depth\depth_1m</srcused><procdate Sync="TRUE">20120827</procdate><proctime Sync="TRUE">14150500</proctime></procstep></lineage></dataqual></metadata>
